Streaming App Data Input: ,,,,,ARMY NAME; ARMY LIST,,,,,,,,,,,,,,,,,,,,,,,,,,,,,,,,,,,,,,,,,,,,,,,,,,,,,,,,,,,,,,,,,,,,,,,,,,,,,,,,,,,,,,,,,,
Team 1,,,,,,,,,,,,,,,,,,,,,,,,,,,,,,,,,,,,,,,,,,,,,,,,,,,,,,,,,,,,,,,,,,,,,,,,,,,,,,,,,,,,,,,,,,,,,,,
Player Name,,,,,,,,,,,,,,,,,,,,,,,,,,,,,,,,,,,,,,,,,,,,,,,,,,,,,,,,,,,,,,,,,,,,,,,,,,,,,,,,,,,,,,,,,,,,,,,
,,,,,,,,,,,,,,,,,,,,,,,,,,,,,,,,,,,,,,,,,,,,,,,,,,,,,,,,,,,,,,,,,,,,,,,,,,,,,,,,,,,,,,,,,,,,,,,
ARMY NAME,,,ARMY NAME,,,ARMY NAME,,,ARMY NAME,,,ARMY NAME,,,ARMY NAME,,,ARMY NAME,,,ARMY NAME,,,ARMY NAME,,,ARMY NAME,,,ARMY NAME,,,ARMY NAME,,,ARMY NAME,,,ARMY NAME,,,ARMY NAME,,,ARMY NAME,,,ARMY NAME,,,ARMY NAME,,,ARMY NAME,,,ARMY NAME,,,ARMY NAME,,,ARMY NAME,,,ARMY NAME,,,ARMY NAME,,,ARMY NAME,,,ARMY NAME,,,ARMY NAME,,,ARMY NAME,,,ARMY NAME,,,ARMY NAME,,,ARMY NAME,,,ARMY NAME,,
SPACE MARINES,,,ULTRAMARINES,,,IMPERIAL FISTS,,,IRON HANDS,,,RAVEN GUARD,,,SALAMANDERS,,,WHITE SCARS,,,GENESTEALER CULTS,,,TYRANIDS,,,NECRONS,,,THOUSAND SONS,,,SPACE WOLVES,,,DARK ANGELS,,,BLACK TEMPLARS,,,BLOOD ANGELS,,,DEATH GUARD,,,CHAOS DAEMONS,,,CHAOS KNIGHTS,,,ADEPTUS SORORITAS,,,ADEPTUS MECHANICUS,,,DEATHWATCH,,,CHAOS SPACE MARINES,,,WORLD EATERS,,,ORKS,,,AELDARI,,,GREY KNIGHTS,,,TAU,,,VOTANN,,,IMPERIAL KNIGHTS,,,DRUKHARI,,,IMPERIAL GUARD,,,CUSTODES,,
,,,,,,,,,,,,,,,,,,,,,,,,,,,,,,,,,,,,,,,,,,,,,,,,,,,,,,,,,,,,,,,,,,,,,,,,,,,,,,,,,,,,,,,,,,,,,,,
ARMY LISTS,,,ARMY LISTS,,,ARMY LISTS,,,ARMY LISTS,,,ARMY LISTS,,,ARMY LISTS,,,ARMY LISTS,,,ARMY LISTS,,,ARMY LISTS,,,ARMY LISTS,,,ARMY LISTS,,,ARMY LISTS,,,ARMY LISTS,,,ARMY LISTS,,,ARMY LISTS,,,ARMY LISTS,,,ARMY LISTS,,,ARMY LISTS,,,ARMY LISTS,,,ARMY LISTS,,,ARMY LISTS,,,ARMY LISTS,,,ARMY LISTS,,Shape,ARMY LISTS,,,ARMY LISTS,,,ARMY LISTS,,,ARMY LISTS,,,ARMY LISTS,,,ARMY LISTS,,,ARMY LISTS,,,ARMY LISTS,,,ARMY LISTS,,
Aggressors,,Circle,Captain Sicarius,,,Darnath Lysander,,,Iron Father Feirros,,Circle,Kayvaan Shrike,,Circle,Adrax Agatone,,Circle,Khan,,Oval,Aberrants,,Circle,Barbgaunts,,Circle,Annihilation Barge,,,Ahriman,,Circle,Arjac Rockfist,,Circle,Azrael,,Circle,Castellan,,,Astorath,,,Biologus Putrifier,,,Beasts of Nurgle,,,Knight Abdominant,,,Acro-Flagellants,,,Archaeopter Fusilave,,,Corvus Blackstar,,,Abaddon,,,Angron,,Circle,Battlewagon,,Square,Asurmen,,Circle,Brother Captain,,Circle,Aun'shi,,,Brokhyr Iron Master,,Circle,Acastus Knight Asterius,,,Archon,,Circle,Aegis Defence Line,,,Allarus Custodians,,Cirlce
Ancient,,Circle,Chaplain  Cassius,,,Tor Garadon,,,,,,Aggressors,,Circle,Vulkan He'stan,,Circle,Kor'Sarro Khan,,Circle,Achilles Ridgerunners,,Oval,Biovores,,Circle,Anrakr the Traveller,,,Ahriman on Disc,,Circle,Bjorn the Fell-Handed,,Circle,Belial,,Circle,Chaplain Grimaldus,,,Baal Predator,,,Blightlord Terminators,,,Be'lakor ,,,Knight Desecrator,,,Aestred Thurga & Dolan,,,Archaeopter Stratoraptor,,,Deathwatch Terminators,,,Accursed Cultists,,,Eightbound,,Circle,Beastboss,,Circle,Autarch,,Circle,Brother Captain Stern,,Circle,Aun'va,,,Brokhyr Thunderkyn,,Circle,Armiger Heleverin,,Circle,Court of Archon,,Circle,Armoured Sentinels,,,Aleya ,,Cirlce
Apothecary Biologis,,Circle,Chief Librarian Tigurius,,,Pedro Kantor,,,,,,Ancient,,Circle,Aggressors,,Circle,Aggressors,,Circle,Acolyte Hybrids,,Circle,Broodlord,,Circle,Canoptek Doomstalker,,,Chaos Spawn,,Circle,Blood Claws,,Rectangle,Sammael,,Circle,Crusader Squad,,,Brother Corbulo,,,Chaos Lord,,,Bloodcrushers,,,Knight Despoiler,,,Battle Sisters,,,Archaeopter Transvector,,,Deathwatch Veterans,,,Chaos Bikers,,,Exalted Eightbound,,Circle,Beastboss on Squiga,,Circle,Autarch Skyrunner,,Circle,Brotherhood Champion,,Circle,AX-1-0 Tiger Shark,,,Cthonian Beserks,,Circle,Armiger Warglaive,,Circle,Cronos,,Circle,Attilan Rough Riders,,,Blade Champion ,,Cirlce
Assault Intercessors,,Rectangle,Marneus Calgar,,,Aggressors,,Circle,Aggressors,,Circle,Apothecary Biologis,,Circle,Ancient,,Circle,Ancient,,Circle,Acolyte Iconward,,Circle,Carnifexe,,Circle,Canoptek Reanimator,,,Cultists,,Rectangle,Canis Wolfborn,,Circle,Ezekiel,,Circle,Emperors Champion,,,Captain Tycho,,,Chaos Spawn,,,Bloodletters,,,Knight Rampager,,,Canoness,,,Belisarius Cawl,,,Fortis Kill Team,,,Chaos Land Raider,,,Jakhals,,Rectangle,Big Mek w/Kustom Force,,Circle,Autarch Wayleaper,,Circle,Brotherhood Chaplain,,Circle,Barracuda,,,Einhyr Champion,,Circle,ArmigerMoirax,,Circle,Drazhar,,Circle,Avenger Strike Fighter,,,Custodian Guard,,Rectangle
Assault Squad,,Circle,Roboute Guilliman,,,Ancient,,Circle,Ancient,,Circle,Assault Intercessors,,Rectangle,Apothecary Biologis,,Circle,Apothecary Biologis,,Circle,Adominant,,Circle,Deathleaper,,Circle,Canoptek Scarab Swarms,,,Daemon Prince,,Circle,Cyberwolf,,Circle,Asmodai,,Circle,High Marshall Helbrecht,,,Chief Librarian Mephiston,,,Cultists,,,Bloodmaster,,,Knight Tyrant,,,Castigator ,,,Corpuscarii Electro-Priests,,,Indomitor Kill Team,,,Chaos Lord,,,Kharn Betrayer,,Circle,Big Mek w/Mega Armour,,Circle,Avatar of Khaine,,Circle,Brotherhood Libraian,,Circle,Breacher Team,,,Einhyr Hearthguard,,Circle,Battle Sisters Squad,,Rectangle,Grotesques,,Circle,Baneblade,,,Custodian Wardens,,Rectangle
Attack Bikes,,Oval,Sergeant Chronus,,,Apothecary Biologis,,Circle,Apothecary Biologis,,Circle,Assault Squad,,Circle,Assault Intercessors,,Rectangle,Assault Intercessors,,Rectangle,Atalan Jackals,,Oval,Exocrine,,Oval,Canoptek Spyders,,,Daemon Prince w/ Wings,,Circle,Fenrisian Wolves,,Circle,Ravenwing Talonmaster,,Square,Marshal,,,Commander Dante,,,Daemon Prince,,,Bloodthirster,,,War Dog Brigand,,,Celestian ,Sacresants,,Datasmith,,,Kill Team Cassius,,,Chaos Lord w/Term Arm,,,Bezerkers,,Rectangle,Big Mek w/Shokk Attack,,Circle,Baharroth,,Circle,Terminator Squad,,Rectagle,Broadside Battlesuits,,,Grimnyr,,Circle,Sororitas Rhino,,Square,Haemonculus,,Circle,Basilisk,,,Knight-Centura,,Oval
Ballistus Dreadnought,,Circle,Sergeant Telion,,,Assault Intercessors,,Rectangle,Assault Intercessors,,Rectangle,Attack Bikes,,Oval,Assault Squad,,Circle,Assault Squad,,Circle,Biophagus,,Circle,Gargoyles,,Circle,Canoptek Wraiths,,,Defiler,,Square,Grey Hunters,,Rectangle,Lazarus,,Circle,Primaris Crusader Squad,,,Death Company Dreadnought,,,Daemon Prince w/ Wings,,,Blue Horrors,,,War Dog Executioner,,,Crusaders,,,Fulgrite Electro-Priests,,,Proteus Kill Team,,,Chaos Rhino,,,Khorne lord of skulls,,Square,Big Trakk,,Square,Cobra,,Square,Castellan Crowe,,Circle,Cadre Fireblade,,,Hearthkyn Warriors,,Rectangle,Questoris Magaera,,Oval,Hellions,,Circle,Bullgryn Squad,,,Prosecutors ,,Cirlce
Bike Squad,,Circle,Tyrannic War Veterans,,,Assault Squad,,Circle,Assault Squad,,Circle,Ballistus Dreadnought,,Circle,Attack Bikes,,Oval,Attack Bikes,,Oval,Clamavus,,Circle,Genestealers,,Circle,Catacomb Command Barge,,,Exalted Sorcerer,,Circle,Harald Deathwolf,,Circle,Deathwing Strikemaster,,,Sword Brethren,,,Death Company Intercessors,,,Deathshroud Terminators,,,Blue Scribes,,,War Dog Huntsman,,,Daemonifuge,,,Ironstrider Ballistarii,,,Spectrus Kill Team,,,Chaos Spawn,,,Lord Invocatus,,Oval,Big'Ed Bosssbunka,,Square,Corsair Voidreavers,,Circle,Techmarine,,Circle,Commander Farsight,,,Hekaton Land Fortress,,Square,Questoris Styrix,,Oval,Incubi,,Circle,Cadian Shock Troops,,,Rhino ,,Square
Bladeguard Ancient,,Circle,Uriel Ventris,,,Attack Bikes,,Oval,Attack Bikes,,Oval,Bike Squad,,Circle,Ballistus Dreadnought,,Circle,Ballistus Dreadnought,,Circle,Goliath Rockgrinder,,Square,Harpy,,Triange,Chronomancer,,,Exalted Sorcerer on Disc,,Circle,Hounds of Morkai,,Circle,Deathwing Command Squad,,,Aggressors,,,Death Company Marines,,,Defilier,,,Burning Chariot,,,War Dog Karnivore,,,Death Cult Assassins,,,Kastelan Robots,,,Veteran Bike Squad,,,Chaos Terminators,,,Chaos Spawn,,Circle,Blitza Bommer,,Triangle,Corsair Voidscarred,,Circle,Grand Master,,Oval,Commander in Battlesuit,,,Hernkyn Pioneers,,Oval,Sri Hekhtur,,Circle,Kabalite Warriors,,Rectangle,Carnodon,,,Shield-Captain,,Cirlce
Bladeguard Veterans,,Circle,Victrix Guard,,,Ballistus Dreadnought,,Circle,Ballistus Dreadnought,,Circle,Bladeguard Ancient,,Circle,Bike Squad,,Circle,Bike Squad,,Circle,Goliath Truck,,Square,Haruspex,,Oval,Convergence of Dominion,,,Forgefiend,,Square,Iron Priest,,Circle,Deathwing Terminator Squad,,,Ancient,,,Furioso Dreadnought,,,Foetid Bloat-Drone,,,Change Caster,,,War Dog Stalker,,,Dialogus,,,Kataphron Breachers,,,Watch Captain Artemis,,,Chaos Vindicator,,,Daemon Prince,,Circle,Boomdakka Snazzwagon,,Oval,Crimson Hunter,,Triangle,Grand Master DK,,Oval,Commander in Crisis Battlesuit,,,Kahl,,Circle,Canis Rex,,Oval,Lelith Hesperax,,Circle,Catachan Jungle Fighters,,,Shield Captain in Term Armour ,,Cirlce
Brutalis Dreadnought,,Circle,Aggressors,,Circle,Bike Squad,,Circle,Bike Squad,,Circle,Bladeguard Veterans,,Circle,Bladeguard Ancient,,Circle,Bladeguard Ancient,,Circle,Hybrid Metamorphs,,Circle,Hive Crone,,Square,Cryptothralls,,,Helbrute,,Circle,Krom Dragongaze,,Circle,Deathwing Knights,,,Apothecary Biologis,,,Gabriel Seth,,,Foul Blightspawn,,,Contorted Epitome,,,Chaos Knight Acheron,,Oval,Dogmata,,,Kataphron Destroyers,,,Watch Master,,,Chosen,,,Defiler,,Square,Boss Snikrot,,Circle,Dark Reapers,,Circle,Land Raider,,Square,Commander Enforcer Battlesuit,,,Sagitaur,,Circle,Cerastus Knight Acheron,,Oval,Mandrakes,,Circle,Chimera,,,Shield Captain Dawn Jetbike,,Cirlce
Captain,,Circle,Ancient,,Circle,Bladeguard Ancient,,Circle,Bladeguard Ancient,,Circle,Brutalis Dreadnought,,Circle,Bladeguard Veterans,,Circle,Bladeguard Veterans,,Circle,Jackal Alphus,,Circle,Hive Guard,,Circle,C'Tan Shard of the Deceiver,,,Heldrake,,Triangle,Logan Grimnar,,Circle,Ravenwing Command Squad,,,Assault Intercessors,,,Lemartes,,,Helbrute,,,Daemon Prince,,,Chaos Knight Attrapos,,Oval,Dominion Squad,,,Onager Dunecrawler,,,Aggressors,,,Cultist Mob,,,Daemon Prine w/Wings,,Circle,BossZagstruk,,Circle,Death Jester,,Circle,Land Raider Crusader,,Square,Commander Shadowsun,,,Uthar the Destined,,Circle,Cerastus Knight Attrapos,,Oval,Raider,,Square,Colossus,,,Trajann Valoris,,Cirlce
Centurion Assault Squad,,Circle,Apothecary Biologis,,Circle,Bladeguard Veterans,,Circle,Bladeguard Veterans,,Circle,Captain,,Circle,Brutalis Dreadnought,,Circle,Brutalis Dreadnought,,Circle,Kelermorph,,Circle,Hive Tyrant,,Circle,C'Tan Shard of the Nightbringer,,,Infernal Master,,Circle,Long Fangs,,Circle,Ravenwing Black Knights,,,Assault Squad,,,Librarian Dreadnought,,,Icon Bearer,,,Daemon Prince w/ Wings,,,Chaos Knight Castigator,,Oval,Exorcist,,,Pteraxii Skystalkers,,,Ancient,,,Cypher,,,Forgefiend,,Square,Boyz,,Rectangle,Dire Avengers,,Circle,Land Raider Redeemer,,Square,Crisis Battlesuits,,,,,,Cerastus Knight Castigator,,Oval,Ravager,,Square,Commissar,,,Valerian ,,Cirlce
Centurion Devastator Squad,,,Assault Intercessors,,Rectangle,Brutalis Dreadnought,,Circle,Brutalis Dreadnought,,Circle,Centurion Assault Squad,,Circle,Captain,,Circle,Captain,,Circle,Locus,,Circle,Hormagaunts,,Rectangle,C'Tan Shrd of the Void Dragon,,,Land Raider,,Square,Lukas the Trickster,,Circle,Ravenwing Darkshroud,,,Attack Bikes,,,Sanguinary Guard,,,Land Raider,,,Daemonettes,,,Chaos Knight Magera,,Oval,Hospitaller,,,Pteraxii Sterylizors,,,Apothecary Biologis,,,Daemon Prince,,,Helbrute,,Circle,Burna Boyz,,Rectangle,Eldrad Ulthran,,Circle,Razorback,,Square,Darkstrider,,,,,,Knight Errant,,Oval,Razorwing Jetfighter,,Triangle,Crassus,,,Venerable Contemp Dreadnought ,,Cirlce
Chaplain,,Circle,Assault Squad,,Circle,Captain,,Circle,Captain,,Circle,Centurion Devastator Squad,,,Centurion Assault Squad,,Circle,Centurion Assault Squad,,Circle,Magus,,Circle,Lictor,,Circle,Deathmarks,,,Magnus the Red,,Circle,Murderfang,,Circle,Land Speeder Vengeance,,,Ballistus Dreadnought,,,Sanguinary Priest,,,Lord of Contagion,,,Epidemus,,,Chaos Knight Lancer,,Oval,Imagifier,,,Serbery's Raiders,,,Assault Intercessors,,,Daemon Prince w/Wings,,,Heldrake,,Triangle,Burna-Bommer,,Triangle,Falcon,,Square,Rhino,,Square,Devilfish,,,,,,Knight Gallant,,Oval,Reavers,,Circle,Cyclops Demolition Vehicle,,,Venerable Landraider,,Square
Chaplain on Bike,,Oval,Attack Bikes,,Oval,Centurion Assault Squad,,Circle,Centurion Assault Squad,,Circle,Chaplain,,Circle,Centurion Devastator Squad,,,Centurion Devastator Squad,,,Neophyte Hybrids,,Rectangle,Maleceptor,,Oval,Doom Scythe,,,Maulerfiend,,Square,Njal Stormcaller,,Circle,Dark Talon,,,Bike Squad,,,The Sanguinor,,,Lord of Virulence,,,Exalted Flamer,,,Chaos Knight Styrix,,Oval,Immolator,,,Serbery's Sulphurhounds,,,Ballistus Dreadnought,,,Dark Apostle,,,Land Raider,,Square,Deffkilla Wartrike,,Oval,Farseer Skyrunner,,Circle,Stormhawk Interceptor,,Triangle,Firesight Team,,,,,,Knight Lancer,,Oval,Scourges,,Circle,Death Korps of Krieg,,,Vertus Praetors,,Cirlce
Command Squad,,Circle,Ballistus Dreadnought,,Circle,Centurion Devastator Squad,,,Centurion Devastator Squad,,,Chaplain on Bike,,Oval,Chaplain,,Circle,Chaplain,,Circle,Nexos,,Circle,Mawloc,,Circle,Doomsday Ark,,,Mutalith Vortex Beast,,Oval,Ragnar Blackmane,,Circle,Nephilim Jetfigher,,,Bladeguard Ancient,,,Tycho the Lost,,,Malignant Plaguecaster,,,Exalted Seeker Chariot,,,Chaos Knight Asterius,,,Junith Eruita,,,Servitors,,,Bike Squad,,,Dark Commune,,,Lord on Juggernaut,,Oval,Deffkoptas,,Circle,Fire Dragons,,Circle,Stormraven Gunship,,Triangle,Ethereal,,,,,,Knight Paladin,,Oval,Succubus,,Circle,Death Rider Squadron,,,Vilgilators,,Cirlce
Contemptor Dreadnought,,Circle,Bike Squad,,Circle,Chaplain,,Circle,Chaplain,,Circle,Command Squad,,Circle,Chaplain on Bike,,Oval,Chaplain on Bike,,Oval,Patriarch,,Circle,Mucolid Spores,,Circle,Flayed Ones,,,Predator Annihilator,,Square,Skyclaws,,Circle,Lion El'Jonson,,,Bladeguard Veterans,,,Aggressors,,,Miasmic Malignifier,,,Fateskimmer,,,Chaos Acastus Porphyrion,,,Missionary,,,Sicarian Infiltrators,,,Bladeguard Ancient,,,Defiler,,,Master Executions,,Circle,Flash Gitz,,Rectangle,Fire Prism,,Square,Stormtalon Gunship,,Triangle,Ghostkeel Battlesuit,,,,,,Knight Porphyrion,,Oval,Talos,,Circle,Death Rider Commander,,,Witchseekers,,Cirlce
Desolation Squad,,Circle,Bladeguard Ancient,,Circle,Chaplain on Bike,,Oval,Chaplain on Bike,,Oval,Contemptor Dreadnought,,Circle,Command Squad,,Circle,Command Squad,,Circle,Primus,,Circle,Neurogaunts,,Circle,Ghost Ark,,,Predator Destructor,,Square,Storm Wolf,,Triangle,Aggressors,,Circle,Brutalis Dreadnought,,,Ancient,,,Mortarion,,,Feculent Gnarlmaw,,,War Dog Moirax,,,Mortifiers,,,Sicarian Ruststalkers,,,Bladeguard Veterans,,,Exalted Champion,,,Maulerfiend,,Square,Gargantuan Squiggoth,,Square,Fuegan,,Circle,Thunderhawk Gunship,,Triangle,Hammerhead Gunship,,,,,,Knight Preceptor,,Oval,Urien Rakarth,,Circle,Deathstrike,,,,,
Devastator Squad,,Circle,Bladeguard Veterans,,Circle,Command Squad,,Circle,Command Squad,,Circle,Desolation Squad,,Circle,Contemptor Dreadnought,,Circle,Contemptor Dreadnought,,Circle,Purestrain Genestealers,,Circle,Neurotyrant,,Circle,Hexmark Destroyer,,,Rhino,,Square,Stormfang Gunship,,Triangle,Ancient,,Circle,Captain,,,Apothecary Biologis,,,Myphitic Blight-Haulers,,,Fiends,,,,,,Morvenn Vahl,,,Skitarii Marshall,,,Brutalis Dreadnought,,,Fabius Bile,,,Predator Annihilator,,Square,Ghazghkull Thraka,,Circle,Guardian Defenders,,Rectangle,Interceptor Squad,,Circle,Kroot,,,,,,Knight Valiant,,Oval,Venom,,Circle,Doomhammer,,,,,
Dreadnought,,Circle,Brutalis Dreadnought,,Circle,Contemptor Dreadnought,,Circle,Contemptor Dreadnought,,Circle,Devastator Squad,,Circle,Desolation Squad,,Circle,Desolation Squad,,Circle,Reductus Saboteur,,Circle,Old One Eye,,Circle,Illuminor Szeras,,,Rubric Marines,,Rectangle,Thunderwolf Cavalry,,Circle,Apothecary Biologis,,Circle,Centurion Assault Squad,,,Assault Intercessors,,,Noxious Blightbringer,,,Flamers,,,,,,Novitiate Squad,,,Skitarii Rangers,,,Captain,,,Fellgor Beastmen,,,Predator Destructor,,Square,Gorkanaut,,Square,Hemlock Wraithfighter,,Triangle,Venerable Dreadnought,,Circle,Kroot Farstalkers,,,,,,Knight Warden,,Oval,Voidraven Bomber,,Triangle,Earthshaker Battery,,,,,
Drop Pod,,Square,Captain,,Circle,Desolation Squad,,Circle,Desolation Squad,,Circle,Dreadnought,,Circle,Devastator Squad,,Circle,Devastator Squad,,Circle,Sanctus,,Circle,Parasite of Mortrex,,Circle,Immortals,,,Scarab Occult Termintors,,Circle,Ulrik the Slayer,,Circle,Assault Intercessors,,Rectangle,Centurion Devastator Squad,,,Assault Squad,,,Plague Marines,,,Flesh Hounds,,,,,,Palatine,,,Skitarii Vanguard,,,Centurion Assault Squad,,,Forgefiend,,,Rhino,,Square,Gretchin,,Rectangle,Hornet,,Square,Kaldor Draigo,,Circle,Kroot Hounds,,,,,,Knight Castellan,,Oval,Wracks,,Rectangle,Field Ordance Battery,,,,,
Eliminators,,Circle,Centurion Assault Squad,,Circle,Devastator Squad,,Circle,Devastator Squad,,Circle,Drop Pod,,Square,Dreadnought,,Circle,Dreadnought,,Circle,,,,Psychophage,,Oval,Imotekh the Stormlord,,,Sorcerer,,Circle,Venerable Dreadnought,,Circle,Assault Squad,,Circle,Chaplain,,,Attack Bikes,,,Plague Surgeon,,,Fluxmaster,,,,,,Paragon Warsuits,,,Skorpius Disintegrator,,,Centurion Devastator Squad,,,Haarken WorldClaimer,,,,,,Grot Mega-Tank,,Circle,Howling Banshees,,Circle,Land Raider Banisher,,Square,Krootox Riders,,,,,,Knight Crusader,,Oval,Wyches,,Rectangle,Gaunts Ghosts,,,,,
Eradicators,,Circle,Centurion Devastator Squad,,,Dreadnought,,Circle,Dreadnought,,Circle,Eliminators,,Circle,Drop Pod,,Square,Drop Pod,,Square,,,,Pyrovores,,Circle,Lokust Destroyers,,,Terminator Sorcerer,,Circle,Wolf Guard Battle Leader,,Circle,Attack Bikes,,Oval,Chaplain on Bike,,,Ballistus Dreadnought,,,Plagueburst Crawler,,,Great Unclean One,,,,,,Penitent Engines,,,Skorpius Dunerider,,,Chaplain,,,Havocs,,,,,,Grot Tanks,,Circle,Illic Nightspear,,Circle,Nemesis Dreadknight,,Oval,Kroot Shaper,,,,,,,,,,,,Hades Breaching Drills\,,,,,
Firestrike Servo-Turrets,,,Chaplain,,Circle,Drop Pod,,Square,Drop Pod,,Square,Eradicators,,Circle,Eliminators,,Circle,Eliminators,,Circle,,,,Raveners,,Circle,Lokust Heavy Destroyers,,,Tzaangor Enlightened,,Circle,,,,Ballistus Dreadnought,,Circle,Command Squad,,,Bike Squad,,,Poxwalkers,,,Hellflayer,,,,,,Preacher,,,Sydonian Dragoons,,,Chaplain on Bike,,,Helbrute,,,,,,Hunta Rig,,Oval,Irillyth,,Circle,Paladin Squad,,Rectagle,Longstrike,,,,,,,,,,,,Heavy Weapon Squad,,,,,
Gladiator Lancer,,Square,Chaplain on Bike,,Oval,Eliminators,,Circle,Eliminators,,Circle,Firestrike Servo-Turrets,,Circle,Eradicators,,Circle,Eradicators,,Circle,,,,Ripper Swarms,,Circle,Lokust Lord,,,Tzaangor Shaman,,Circle,Wolf Guard Pack Leader,,Circle,Bike Squad,,Circle,Contemptor Dreadnought,,,Bladeguard Ancient,,,Predator Annihilator,,,Horticulous Slimux,,,,,,Repentia Squad,,,Technoarcheologist,,,Command Squad,,,Heldrake,,,,,,Kaptin Badrukk,,Circle,Jain Zar,,Circle,Purgation Squad,,Circle,Manta,,,,,,,,,,,,Hellhammer,,,,,
Gladiator Reaper,,Square,Command Squad,,Circle,Eradicators,,Circle,Eradicators,,Circle,Gladiator Lancer,,Square,Firestrike Servo-Turrets,,Circle,Firestrike Servo-Turrets,,Circle,,,,Screamer-Killer,,Circle,Lord,,,Tzaangors,,Rectangle,Wolf Guard Terminators,,Circle,Bladeguard Ancient,,Circle,Desolation Squad,,,Bladeguard Veterans,,,Predator Destructor,,,Infernal Enrapturess,,,,,,Retributor Squad,,,Tech-Priest Dominus,,,Contemptor Dreadnought,,,Huron Blackheart,,,,,,Kill Kans,,Circle,Karandras,,Circle,Purifier Squad,,Circle,Pathfinder Team,,,,,,,,,,,,Hellhound,,,,,
Gladiator Valiant,,Square,Contemptor Dreadnought,,Circle,Firestrike Servo-Turrets,,Circle,Firestrike Servo-Turrets,,Circle,Gladiator Reaper,,Square,Gladiator Lancer,,Square,Gladiator Lancer,,Square,,,,Spore Mines,,Circle,Lychguard,,,Vindicator,,Square,Wolf Lord,,Circle,Bladeguard Veterans,,Circle,Devastator Squad,,,Brutalis Dreadnought,,,Rhino,,,Kairos Fateweaver,,,,,,Rhino,,,Tech-Priest Enginseer,,,Desolation Squad,,,Khorne Lord of Skulls,,,,,,Kill Rig,,Oval,Lynx,,Circle,Servitors,,Circle,Piranha,,,,,,,,,,,,Hydra,,,,,
Gravis Captain,,Circle,Desolation Squad,,Circle,Gladiator Lancer,,Square,Gladiator Lancer,,Square,Gladiator Valiant,,Square,Gladiator Reaper,,Square,Gladiator Reaper,,Square,,,,Sporocyst,,Square,Monolith,,,,,,Wolf Scouts,,Rectangle,Brutalis Dreadnought,,Circle,Dreadnought,,,Captain,,,Sorcerer,,,Karanak,,,,,,Saint Celestine,,,Tech-Priest Manipulus,,,Dreadnought,,,Legionaries,,,,,,Kill Tank,,Square,Maugan Ra,,Circle,Strike Squad,,Circle,Razorshark Strike Fighter,,,,,,,,,,,,Infantry Squad,,,,,
Hammerfall Bunker,,Square,Devastator Squad,,Circle,Gladiator Reaper,,Square,Gladiator Reaper,,Square,Gravis Captain,,Circle,Gladiator Valiant,,Square,Gladiator Valiant,,Square,,,,Swarmlord,,Square,Necron Warriors,,,,,,Wulfen,,Circle,Captain,,Circle,Drop Pod,,,Centurion Assault Squad,,,Tallyman,,,Keeper of Secrets,,,,,,Seraphim Squad,,,,,,Drop Pod,,,Lord Discordant,,,,,,Kommandos,,Rectangle,Night Spinner,,Square,,,,Remora Stealth Drones,,,,,,,,,,,,Iron Hand Straken,,,,,
Heavy Intercessors,,Rectangle,Dreadnought,,Circle,Gladiator Valiant,,Square,Gladiator Valiant,,Square,Hammerfall Bunker,,Square,Gravis Captain,,Circle,Gravis Captain,,Circle,,,,Termagants,,Rectangle,Nemesor Zahndrekh,,,,,,Wulfen Dreadnought,,Circle,Centurion Assault Squad,,Circle,Eliminators,,,Centurion Devastator Squad,,,Terminator Chaos Lord,,,Lord of Change,,,,,,Triumph of Saint Katherine,,,,,,Eliminators,,,Lucius the Eternal,,,,,,Kustom Boosta-blasta,,Oval,Nightwing,,Triangle,,,,Riptide Battlesuit,,,,,,,,,,,,Karskin,,,,,
Hellblasters,,Circle,Drop Pod,,Square,Gravis Captain,,Circle,Gravis Captain,,Circle,Heavy Intercessors,,Rectangle,Hammerfall Bunker,,Square,Hammerfall Bunker,,Square,,,,Tervigon,,Oval,Night Scythe,,,,,,Aggressors,,Circle,Centurion Devastator Squad,,,Eradicators,,,Chaplain,,,Terminator Sorcerer,,,Masque of Slaanesh,,,,,,Zephyrim Squad,,,,,,Eradicators,,,Master of Executions,,,,,,Lootas,,Rectangle,Phantom Titan,,Oval,,,,R'Varna Battlesuit,,,,,,,,,,,,Leman Russ Battle Tank,,,,,
Hunter,,Square,Eliminators,,Circle,Hammerfall Bunker,,Square,Hammerfall Bunker,,Square,Hellblasters,,Circle,Heavy Intercessors,,Rectangle,Heavy Intercessors,,Rectangle,,,,Toxicrene,,Oval,Obelisk,,,,,,Ancient,,Circle,Chaplain,,Circle,Firestrike Servo-Turrets,,,Chaplain on Bike,,,Typhus,,,Nurglings,,,,,,Culexus Assassin,,,,,,Firestrike Servo-Turrets,,,Master of Possession,,,,,,Mad Dok Grotsnik,,Circle,Prince Yriel,,Circle,,,,Sky Ray Gunship,,,,,,,,,,,,Lema Russ Demolisher,,,,,
Impulsor,,Square,Eradicators,,Circle,Heavy Intercessors,,Rectangle,Heavy Intercessors,,Rectangle,Hunter,,Square,Hellblasters,,Circle,Hellblasters,,Circle,,,,Trygon,,Circle,Ophydian Destroyers,,,,,,Apothecary Biologis,,Circle,Chaplain on Bike,,Oval,Gladiator Lancer,,,Command Squad,,,,,,Pink Horrors,,,,,,Eversor Assassin,,,,,,Gladiator Lancer,,,Maulerfiend,,,,,,Mega Dread,,Circle,Rangers,,Circle,,,,Stealth Battlesuits,,,,,,,,,,,,Leman Russ Eradicator,,,,,
Inceptors,,Circle,Firestrike Servo-Turrets,,Circle,Hellblasters,,Circle,Hellblasters,,Circle,Impulsor,,Square,Hunter,,Square,Hunter,,Square,,,,Tyeannocyte,,Oval,Orikan the Diviner,,,,,,Assault Intercessors,,Rectangle,Command Squad,,Circle,Gladiator Reaper,,,Contemptor Dreadnought,,,,,,Plague Drones,,,,,,Callidus Assassin,,,,,,Gladiator Reaper,,,Noctilith Crown,,,,,,Meganobz,,Circle,Revenant Titan,,Oval,,,,Stormsurge,,,,,,,,,,,,Leman Russ Executioner,,,,,
Incursors,,Rectangle,Gladiator Lancer,,Square,Hunter,,Square,Hunter,,Square,Inceptors,,Circle,Impulsor,,Square,Impulsor,,Square,,,,Tyranid Warriors,,Circle,Overlord,,,,,,Assault Squad,,Circle,Contemptor Dreadnought,,Circle,Gladiator Valiant,,,Desolation Squad,,,,,,Plaguebearers,,,,,,Rogue Trader Squad,,,,,,Gladiator Valiant,,,Noise Marines,,,,,,Megatrakk Scrapjet,,Oval,Scorpion,,Circle,,,,Strike Team,,,,,,,,,,,,Leman Russ Exterminator,,,,,
Infernus Squad,,Circle,Gladiator Reaper,,Square,Impulsor,,Square,Impulsor,,Square,Incursors,,Rectangle,Inceptors,,Circle,Inceptors,,Circle,,,,Tyrannofex,,Oval,Plasmancer,,,,,,Attack Bikes,,Oval,Desolation Squad,,Circle,Gravis Captain,,,Devastator Squad,,,,,,Poxbringer,,,,,,Voidsmen,,,,,,Gravis Captain,,,Obliterators,,,,,,Mek,,Circle,Shadow Spectres,,Circle,,,,Tactical Drones,,,,,,,,,,,,Leman Russ Punisher,,,,,
Infiltrators,,Rectangle,Gladiator Valiant,,Square,Inceptors,,Circle,Inceptors,,Circle,Infernus Squad,,Circle,Incursors,,Rectangle,Incursors,,Rectangle,,,,Tyrant Guard,,Circle,Psychomancer,,,,,,Ballistus Dreadnought,,Circle,Devastator Squad,,Circle,Hammerfall Bunker,,,Dreadnought,,,,,,Rendmaster,,,,,,Navy Breachers,,,,,,Hammerfall Bunker,,,Possessed,,,,,,Mek Gunz,,Circle,Shadowseer,,Circle,,,,Ta'unar Supremacy Armour,,,,,,,,,,,,Leman Russ Vanqisher,,,,,
Intercessor Squad,,Rectangle,Gravis Captain,,Circle,Incursors,,Rectangle,Incursors,,Rectangle,Infiltrators,,Rectangle,Infernus Squad,,Circle,Infernus Squad,,Circle,,,,Venomthropes,,Circle,Royal Warden,,,,,,Bike Squad,,Circle,Dreadnought,,Circle,Heavy Intercessors,,,Drop Pod,,,,,,Rotigus,,,,,,Subductor Squad,,,,,,Heavy Intercessors,,,Predator Annilhilator,,,,,,Meka-Dread,,Oval,Shining Spears,,Circle,,,,Tetras,,,,,,,,,,,,Lord Solar Leontus,,,,,
Invader ATV,,Square,Hammerfall Bunker,,Square,Infernus Squad,,Circle,Infernus Squad,,Circle,Intercessor Squad,,Rectangle,Infiltrators,,Rectangle,Infiltrators,,Rectangle,,,,Von Ryan's Leapers,,Circle,Skorpekh Destroyers,,,,,,Bladeguard Ancient,,Circle,Drop Pod,,Square,Hellblasters,,,Eliminators,,,,,,Screamers,,,,,,Exaction Squad,,,,,,Hellblasters,,,Predator Destructor,,,,,,Mekboy Workshop,,Square,Shroud Runners,,Circle,,,,Tidewel Droneport,,,,,,,,,,,,Marcharius Vanquisher,,,,,
Invictor Tactical Warsuit,,Circle,Heavy Intercessors,,Rectangle,Infiltrators,,Rectangle,Infiltrators,,Rectangle,Invader ATV,,Square,Intercessor Squad,,Rectangle,Intercessor Squad,,Rectangle,,,,Winged Hive Tyrant,,Circle,Skorpekh Lord,,,,,,Bladeguard Veterans,,Circle,Eliminators,,Circle,Hunter,,,Eradicators,,,,,,Seeker Chariot,,,,,,Vigilant Squad,,,,,,Hunter,,,Raptors,,,,,,Morkanaught,,Oval,Skathach Wraighknight,,Oval,,,,Tidewell Gunrig,,,,,,,,,,,,Macharius Vulvan,,,,,
Ironclad Dreadnought,,Circle,Hellblasters,,Circle,Intercessor Squad,,Rectangle,Intercessor Squad,,Rectangle,Invictor Tactical Warsuit,,Circle,Invader ATV,,Square,Invader ATV,,Square,,,,Winged Tyranid Prime,,Circle,Technomancer,,,,,,Brutalis Dreadnought,,Circle,Eradicators,,Circle,Impulsor,,,Firestrike Servo-Turrets,,,,,,Seekers,,,,,,Kyria Draxus,,,,,,Impulsor,,,Sorcerer,,,,,,Mozrog Skragbad,,Circle,Skyweavers,,Circle,,,,Tidewell Shieldline,,,,,,,,,,,,Malcador,,,,,
Judiciar,,Circle,Hunter,,Square,Invader ATV,,Square,Invader ATV,,Square,Ironclad Dreadnought,,Circle,Invictor Tactical Warsuit,,Circle,Invictor Tactical Warsuit,,Circle,,,,Zoanthropes,,Circle,Tesseract Vault,,,,,,Captain,,Circle,Firestrike Servo-Turrets,,Circle,Inceptors,,,Gladiator Lancer,,,,,,Shalaxi Helbane,,,,,,Inquisitor Corteaz,,,,,,Inceptors,,,Sorcerer w/Term Arm,,,,,,Nob on Smasha Squig,,Circle,Soltaire,,Circle,,,,Tiger Shark,,,,,,,,,,,,Malcador Annilhilator,,,,,
Land Speeder,,Square,Impulsor,,Square,Invictor Tactical Warsuit,,Circle,Invictor Tactical Warsuit,,Circle,Judiciar,,Circle,Ironclad Dreadnought,,Circle,Ironclad Dreadnought,,Circle,,,,,,,The Silent King,,,,,,Centurion Assault Squad,,Circle,Gladiator Lancer,,Square,Incursors,,,Gladiator Reaper,,,,,,Skarbrand,,,,,,Greyfax,,,,,,Incursors,,,Traitor Enforcer,,,,,,Nob with Waagh Banner,,Circle,Spiritseer,,Circle,,,,Vespid Stringwings,,,,,,,,,,,,Malcador Defender,,,,,
Land Speeder Storm,,Square,Inceptors,,Circle,Ironclad Dreadnought,,Circle,Ironclad Dreadnought,,Circle,Land Speeder,,Square,Judiciar,,Circle,Judiciar,,Circle,,,,,,,Tomb Blades,,,,,,Centurion Devastator Squad,,,Gladiator Reaper,,Square,Infernus Squad,,,Gladiator Valiant,,,,,,Skull Altar,,,,,,Karamazov,,,,,,Infernus Squad,,,Traitor Guardsmen,,,,,,Nobz,,Circle,Starweaver,,Circle,,,,Y'vahra Battlesuit,,,,,,,,,,,,Malcador Infernus,,,,,
Land Speeder Tornado,,Square,Incursors,,Rectangle,Judiciar,,Circle,Judiciar,,Circle,Land Speeder Storm,,Square,Land Speeder,,Square,Land Speeder,,Square,,,,,,,Transcendent C'Tan,,,,,,Chaplain,,Circle,Gladiator Valiant,,Square,Infiltrators,,,Gravis Captain,,,,,,Skull Cannon,,,,,,Inquisitor,,,,,,Infiltrators,,,Vashtoor the Arkifane,,,,,,Nobz on Warbikes,,Oval,Storm Guardians,,Rectangle,,,,,,,,,,,,,,,,Manticore,,,,,
Land Speeder Typhoon,,Square,Infernus Squad,,Circle,Land Speeder,,Square,Land Speeder,,Square,Land Speeder Tornado,,Square,Land Speeder Storm,,Square,Land Speeder Storm,,Square,,,,,,,Trazyn the Infinite,,,,,,Chaplain on Bike,,Oval,Gravis Captain,,Circle,Intercessor Squad,,,Hammerfall Bunker,,,,,,Skullmaster,,,,,,Eisenhorn,,,,,,Intercessor Squad,,,Venom Crawler,,,,,,Painboss,,Circle,Striking Scoprions,,Circle,,,,,,,,,,,,,,,,Marauder Bomber,,,,,
Landraider,,Square,Infiltrators,,Rectangle,Land Speeder Storm,,Square,Land Speeder Storm,,Square,Land Speeder Typhoon,,Square,Land Speeder Tornado,,Square,Land Speeder Tornado,,Square,,,,,,,Triarch Praetorians,,,,,,Command Squad,,Circle,Hammerfall Bunker,,Square,Invader ATV,,,Heavy Intercessors,,,,,,Skulltaker,,,,,,Henchmen,,,,,,Invader ATV,,,Warp Smith,,,,,,Painboy,,Circle,Support Weapons,,Circle,,,,,,,,,,,,,,,,Marauder Destroyer,,,,,
Landraider Crusader,,Square,Intercessor Squad,,Rectangle,Land Speeder Tornado,,Square,Land Speeder Tornado,,Square,Landraider,,Square,Land Speeder Typhoon,,Square,Land Speeder Typhoon,,Square,,,,,,,Triarch Stalker,,,,,,Contemptor Dreadnought,,Circle,Heavy Intercessors,,Rectangle,Invictor Tactical Warsuit,,,Hellblasters,,,,,,Sloppity Bilepiper,,,,,,,,,,,,Invictor Tactical Warsuit,,,Warp Talos,,,,,,Rukkatrukk Squigbuggy,,Oval,Swooping Hawks,,Circle,,,,,,,,,,,,,,,,Medua Carriage Battery,,,,,
Landraider Redeemer,,Square,Invader ATV,,Square,Land Speeder Typhoon,,Square,Land Speeder Typhoon,,Square,Landraider Crusader,,Square,Landraider,,Square,Landraider,,Square,,,,,,,Vargard Obyron,,,,,,Desolation Squad,,Circle,Hellblasters,,Circle,Ironclad Dreadnought,,,Hunter,,,,,,Soul Grinder,,,,,,,,,,,,Ironclad Dreadnought,,,,,,,,,Shokkjump Dragsta,,Oval,The Visarch,,Circle,,,,,,,,,,,,,,,,Tempestus Command Squad,,,,,
Librarian,,Circle,Invictor Tactical Warsuit,,Circle,Landraider,,Square,Landraider,,Square,Landraider Redeemer,,Square,Landraider Crusader,,Square,Landraider Crusader,,Square,,,,,,,,,,,,,Devastator Squad,,Circle,Hunter,,Square,Judiciar,,,Impulsor,,,,,,Spoilpox Scrivener,,,,,,,,,,,,Judiciar,,,,,,,,,Snagga Boys,,Rectangle,The Yncarne,,Circle,,,,,,,,,,,,,,,,Munitorum Servitors,,,,,
Lieutenant,,Circle,Ironclad Dreadnought,,Circle,Landraider Crusader,,Square,Landraider Crusader,,Square,Librarian,,Circle,Landraider Redeemer,,Square,Landraider Redeemer,,Square,,,,,,,,,,,,,Dreadnought,,Circle,Impulsor,,Square,Land Speeder,,,Inceptors,,,,,,Syll'esske,,,,,,,,,,,,Land Speeder,,,,,,,,,Squiggoth,,Square,Troupe,,Rectangle,,,,,,,,,,,,,,,,Nork Deddog,,,,,
Lieutenant w/ combi weapon,,,Judiciar,,Circle,Landraider Redeemer,,Square,Landraider Redeemer,,Square,Lieutenant,,Circle,Librarian,,Circle,Librarian,,Circle,,,,,,,,,,,,,Drop Pod,,Square,Inceptors,,Circle,Land Speeder Storm,,,Incursors,,,,,,The Changeling,,,,,,,,,,,,Land Speeder Tornado,,,,,,,,,Squighog boyz,,Oval,Troupe Master,,Circle,,,,,,,,,,,,,,,,Ogryn Bodyguard,,,,,
Outrider Squad,,Oval,Land Speeder,,Square,Librarian,,Circle,Librarian,,Circle,Lieutenant w/ combi weapon,,Circle,Lieutenant,,Circle,Lieutenant,,Circle,,,,,,,,,,,,,Eliminators,,Circle,Incursors,,Rectangle,Land Speeder Tornado,,,Infernus Squad,,,,,,Tormentbringer,,,,,,,,,,,,Land Speeder Typhoon,,,,,,,,,Stompa,,Oval,Voidweaver,,Circle,,,,,,,,,,,,,,,,Ogryn Squad,,,,,
Phobos Captain,,Circle,Land Speeder Storm,,Square,Lieutenant,,Circle,Lieutenant,,Circle,Outrider Squad,,Oval,Lieutenant w/ combi weapon,,Circle,Lieutenant w/ combi weapon,,Circle,,,,,,,,,,,,,Eradicators,,Circle,Infernus Squad,,Circle,Land Speeder Typhoon,,,Infiltrators,,,,,,Tranceweaver,,,,,,,,,,,,Landraider,,,,,,,,,Stormboyz,,Rectangle,Vypers,,Circle,,,,,,,,,,,,,,,,Command Squad,,,,,
Phobos Librarian,,Circle,Land Speeder Tornado,,Square,Lieutenant w/ combi weapon,,Circle,Lieutenant w/ combi weapon,,Circle,Phobos Captain,,Circle,Outrider Squad,,Oval,Outrider Squad,,Oval,,,,,,,,,,,,,Firestrike Servo-Turrets,,Circle,Infiltrators,,Rectangle,Landraider,,,Intercessor Squad,,,,,,,,,,,,,,,,,,Landraider Crusader,,,,,,,,,Tankbustas,,Rectangle,War Walkers,,Circle,,,,,,,,,,,,,,,,Praetor,,,,,
Phobos Lieutenant,,Circle,Land Speeder Typhoon,,Square,Outrider Squad,,Oval,Outrider Squad,,Oval,Phobos Librarian,,Circle,Phobos Captain,,Circle,Phobos Captain,,Circle,,,,,,,,,,,,,Gladiator Lancer,,Square,Intercessor Squad,,Rectangle,Landraider Crusader,,,Invader ATV,,,,,,,,,,,,,,,,,,Landraider Redeemer,,,,,,,,,Trukk,,Rectangle,Warlock,,Circle,,,,,,,,,,,,,,,,Primaris Psyker,,,,,
Predator Annihilator,,Square,Landraider,,Square,Phobos Captain,,Circle,Phobos Captain,,Circle,Phobos Lieutenant,,Circle,Phobos Librarian,,Circle,Phobos Librarian,,Circle,,,,,,,,,,,,,Gladiator Reaper,,Square,Invader ATV,,Square,Landraider Redeemer,,,Invictor Tactical Warsuit,,,,,,,,,,,,,,,,,,Librarian,,,,,,,,,Warbikers,,Oval,Warlock Conclave,,Circle,,,,,,,,,,,,,,,,Rapier Destroyer Battery,,,,,
Predator Destructor,,Square,Landraider Crusader,,Square,Phobos Librarian,,Circle,Phobos Librarian,,Circle,Predator Annihilator,,Square,Phobos Lieutenant,,Circle,Phobos Lieutenant,,Circle,,,,,,,,,,,,,Gladiator Valiant,,Square,Invictor Tactical Warsuit,,Circle,Lieutenant,,,Ironclad Dreadnought,,,,,,,,,,,,,,,,,,Lieutenant,,,,,,,,,Warboss,,Circle,Warlock Skyrunner,,Circle,,,,,,,,,,,,,,,,Ratling Snipers,,,,,
Primaris Ancient,,Circle,Landraider Redeemer,,Square,Phobos Lieutenant,,Circle,Phobos Lieutenant,,Circle,Predator Destructor,,Square,Predator Annihilator,,Square,Predator Annihilator,,Square,,,,,,,,,,,,,Gravis Captain,,Circle,Ironclad Dreadnought,,Circle,Lieutenant w/ combi weapon,,,Judiciar,,,,,,,,,,,,,,,,,,Lieutenant w/ combi weapon,,,,,,,,,Warboss in Mega Armour,,Circle,Warp Hunter,,Circle,,,,,,,,,,,,,,,,Regimental Engineer,,,,,
Primaris Apothecary,,Circle,Librarian,,Circle,Predator Annihilator,,Square,Predator Annihilator,,Square,Primaris Ancient,,Circle,Predator Destructor,,Square,Predator Destructor,,Square,,,,,,,,,,,,,Hammerfall Bunker,,Square,Judiciar,,Circle,Outrider Squad,,,Land Speeder,,,,,,,,,,,,,,,,,,Outrider Squad,,,,,,,,,Warboss on Warbike,,Oval,Warp Spiders,,Circle,,,,,,,,,,,,,,,,Regiental Preacher,,,,,
Primaris Captain,,Circle,Lieutenant,,Circle,Predator Destructor,,Square,Predator Destructor,,Square,Primaris Apothecary,,Circle,Primaris Ancient,,Circle,Primaris Ancient,,Circle,,,,,,,,,,,,,Heavy Intercessors,,Rectangle,Land Speeder,,Square,Phobos Captain,,,Land Speeder Storm,,,,,,,,,,,,,,,,,,Phobos Captain,,,,,,,,,Wazbom Blastajet,,Triangle,Wave Serpent,,Square,,,,,,,,,,,,,,,,Dorn Battle Tank,,,,,
Primaris Chaplain,,Circle,Lieutenant w/ combi weapon,,Circle,Primaris Ancient,,Circle,Primaris Ancient,,Circle,Primaris Captain,,Circle,Primaris Apothecary,,Circle,Primaris Apothecary,,Circle,,,,,,,,,,,,,Hellblasters,,Circle,Land Speeder Storm,,Square,Phobos Lieutenant,,,Land Speeder Tornado,,,,,,,,,,,,,,,,,,Phobos Librarian,,,,,,,,,Weirdboy,,Circle,Webway Gate,,Square,,,,,,,,,,,,,,,,Scout Sentinels,,,,,
Primaris Company Champion,,Circle,Outrider Squad,,Oval,Primaris Apothecary,,Circle,Primaris Apothecary,,Circle,Primaris Chaplain,,Circle,Primaris Captain,,Circle,Primaris Captain,,Circle,,,,,,,,,,,,,Hunter,,Square,Land Speeder Tornado,,Square,Predator Annihilator,,,Land Speeder Typhoon,,,,,,,,,,,,,,,,,,Phobos Lieutenant,,,,,,,,,Wurrboy,,Circle,Windriders,,Circle,,,,,,,,,,,,,,,,Sergeant Harker,,,,,
Primaris Librarian,,Circle,Phobos Captain,,Circle,Primaris Captain,,Circle,Primaris Captain,,Circle,Primaris Company Champion,,Circle,Primaris Chaplain,,Circle,Primaris Chaplain,,Circle,,,,,,,,,,,,,Impulsor,,Square,Land Speeder Typhoon,,Square,Predator Destructor,,,Landraider,,,,,,,,,,,,,,,,,,Predator Annihilator,,,,,,,,,Zodgrod Wortsnagga,,Circle,Wraithblades,,Circle,,,,,,,,,,,,,,,,Shadowsword,,,,,
Primaris Lieutenant,,Circle,Phobos Librarian,,Circle,Primaris Chaplain,,Circle,Primaris Chaplain,,Circle,Primaris Librarian,,Circle,Primaris Company Champion,,Circle,Primaris Company Champion,,Circle,,,,,,,,,,,,,Inceptors,,Circle,Landraider,,Square,Primaris Ancient,,,Landraider Crusader,,,,,,,,,,,,,,,,,,Predator Destructor,,,,,,,,,,,,Wraithgaurd,,Circle,,,,,,,,,,,,,,,,Sly Marbo,,,,,
Primaris Techmarine,,Circle,Phobos Lieutenant,,Circle,Primaris Company Champion,,Circle,Primaris Company Champion,,Circle,Primaris Lieutenant,,Circle,Primaris Librarian,,Circle,Primaris Librarian,,Circle,,,,,,,,,,,,,Incursors,,Rectangle,Landraider Crusader,,Square,Primaris Apothecary,,,Landraider Redeemer,,,,,,,,,,,,,,,,,,Primaris Ancient,,,,,,,,,,,,Wraithknight,,Oval,,,,,,,,,,,,,,,,Stormblade,,,,,
Razorback,,Square,Predator Annihilator,,Square,Primaris Librarian,,Circle,Primaris Librarian,,Circle,Primaris Techmarine,,Circle,Primaris Lieutenant,,Circle,Primaris Lieutenant,,Circle,,,,,,,,,,,,,Infernus Squad,,Circle,Landraider Redeemer,,Square,Primaris Captain,,,Librarian,,,,,,,,,,,,,,,,,,Primaris Apothecary,,,,,,,,,,,,Wraithlord,,Circle,,,,,,,,,,,,,,,,Stormlord,,,,,
Redemptor Dreadnought,,Circle,Predator Destructor,,Square,Primaris Lieutenant,,Circle,Primaris Lieutenant,,Circle,Razorback,,Square,Primaris Techmarine,,Circle,Primaris Techmarine,,Circle,,,,,,,,,,,,,Infiltrators,,Rectangle,Librarian,,Circle,Primaris Chaplain,,,Lieutenant,,,,,,,,,,,,,,,,,,Primaris Captain,,,,,,,,,,,,Wraithseer,,Circle,,,,,,,,,,,,,,,,Stormsword,,,,,
Reiver Lieutenant,,Circle,Primaris Ancient,,Circle,Primaris Techmarine,,Circle,Primaris Techmarine,,Circle,Redemptor Dreadnought,,Circle,Razorback,,Square,Razorback,,Square,,,,,,,,,,,,,Intercessor Squad,,Rectangle,Lieutenant,,Circle,Primaris Company Champion,,,Lieutenant w/ combi weapon,,,,,,,,,,,,,,,,,,Primaris Chaplain,,,,,,,,,,,,Yvraine,,Oval,,,,,,,,,,,,,,,,Tank Commander,,,,,
Reivers,,Circle,Primaris Apothecary,,Circle,Razorback,,Square,Razorback,,Square,Reiver Lieutenant,,Circle,Redemptor Dreadnought,,Circle,Redemptor Dreadnought,,Circle,,,,,,,,,,,,,Invader ATV,,Square,Lieutenant w/ combi weapon,,Circle,Primaris Lieutenant,,,Outrider Squad,,,,,,,,,,,,,,,,,,Primaris Company Champion,,,,,,,,,,,,,,,,,,,,,,,,,,,,,,Tarantula Battery,,,,,
Relic Terminator Squad,,Circle,Primaris Captain,,Circle,Redemptor Dreadnought,,Circle,Redemptor Dreadnought,,Circle,Reivers,,Circle,Reiver Lieutenant,,Circle,Reiver Lieutenant,,Circle,,,,,,,,,,,,,Invictor Tactical Warsuit,,Circle,Outrider Squad,,Oval,Primaris Techmarine,,,Phobos Captain,,,,,,,,,,,,,,,,,,Primaris Librarian,,,,,,,,,,,,,,,,,,,,,,,,,,,,,,Taurox,,,,,
Repulsor,,Square,Primaris Chaplain,,Circle,Reiver Lieutenant,,Circle,Reiver Lieutenant,,Circle,Relic Terminator Squad,,Circle,Reivers,,Circle,Reivers,,Circle,,,,,,,,,,,,,Ironclad Dreadnought,,Circle,Phobos Captain,,Circle,Razorback,,,Phobos Librarian,,,,,,,,,,,,,,,,,,Primaris Lieutenant,,,,,,,,,,,,,,,,,,,,,,,,,,,,,,Taurox Prime,,,,,
Repulsor Executioner,,Square,Primaris Company Champion,,Circle,Reivers,,Circle,Reivers,,Circle,Repulsor,,Square,Relic Terminator Squad,,Circle,Relic Terminator Squad,,Circle,,,,,,,,,,,,,Judiciar,,Circle,Phobos Librarian,,Circle,Redemptor Dreadnought,,,Phobos Lieutenant,,,,,,,,,,,,,,,,,,Primaris Techmarine,,,,,,,,,,,,,,,,,,,,,,,,,,,,,,Temp Scions,,,,,
Rhino,,Square,Primaris Librarian,,Circle,Relic Terminator Squad,,Circle,Relic Terminator Squad,,Circle,Repulsor Executioner,,Square,Repulsor,,Square,Repulsor,,Square,,,,,,,,,,,,,Land Speeder,,Square,Phobos Lieutenant,,Circle,Reiver Lieutenant,,,Predator Annihilator,,,,,,,,,,,,,,,,,,Razorback,,,,,,,,,,,,,,,,,,,,,,,,,,,,,,Thunderbolt Heavy Fighter,,,,,
Scout Bikes,,Oval,Primaris Lieutenant,,Circle,Repulsor,,Square,Repulsor,,Square,Rhino,,Square,Repulsor Executioner,,Square,Repulsor Executioner,,Square,,,,,,,,,,,,,Land Speeder Storm,,Square,Predator Annihilator,,Square,Reivers,,,Predator Destructor,,,,,,,,,,,,,,,,,,Redemptor Dreadnought,,,,,,,,,,,,,,,,,,,,,,,,,,,,,,Trojan Support Vehicle,,,,,
Scout Squad,,Circle,Primaris Techmarine,,Circle,Repulsor Executioner,,Square,Repulsor Executioner,,Square,Scout Bikes,,Oval,Rhino,,Square,Rhino,,Square,,,,,,,,,,,,,Land Speeder Tornado,,Square,Predator Destructor,,Square,Relic Terminator Squad,,,Primaris Ancient,,,,,,,,,,,,,,,,,,Reiver Lieutenant,,,,,,,,,,,,,,,,,,,,,,,,,,,,,,Ursula Creed,,,,,
Servitors,,Circle,Razorback,,Square,Rhino,,Square,Rhino,,Square,Scout Squad,,Circle,Scout Bikes,,Oval,Scout Bikes,,Oval,,,,,,,,,,,,,Land Speeder Typhoon,,Square,Primaris Ancient,,Circle,Repulsor,,,Primaris Apothecary,,,,,,,,,,,,,,,,,,Reivers,,,,,,,,,,,,,,,,,,,,,,,,,,,,,,Valdor,,,,,
Stalker,,Square,Redemptor Dreadnought,,Circle,Scout Bikes,,Oval,Scout Bikes,,Oval,Servitors,,Circle,Scout Squad,,Circle,Scout Squad,,Circle,,,,,,,,,,,,,Landraider,,Square,Primaris Apothecary,,Circle,Repulsor Executioner,,,Primaris Captain,,,,,,,,,,,,,,,,,,Relic Terminator Squad,,,,,,,,,,,,,,,,,,,,,,,,,,,,,,Valkyrie,,,,,
Sternguard Veterans,,Circle,Reiver Lieutenant,,Circle,Scout Squad,,Circle,Scout Squad,,Circle,Stalker,,Square,Servitors,,Circle,Servitors,,Circle,,,,,,,,,,,,,Landraider Crusader,,Square,Primaris Captain,,Circle,Rhino,,,Primaris Chaplain,,,,,,,,,,,,,,,,,,Repulsor,,,,,,,,,,,,,,,,,,,,,,,,,,,,,,Voss-Pattern Lightning,,,,,
Storm Speeder Hailstrike,,,Reivers,,Circle,Servitors,,Circle,Servitors,,Circle,Sternguard Veterans,,Circle,Stalker,,Square,Stalker,,Square,,,,,,,,,,,,,Landraider Redeemer,,Square,Primaris Chaplain,,Circle,Scout Bikes,,,Primaris Company Champion,,,,,,,,,,,,,,,,,,Repulsor Executioner,,,,,,,,,,,,,,,,,,,,,,,,,,,,,,Vulture Gunship,,,,,
Storm Speeder Hamerstrike,,Square,Relic Terminator Squad,,Circle,Stalker,,Square,Stalker,,Square,Storm Speeder Hailstrike,,Square,Sternguard Veterans,,Circle,Sternguard Veterans,,Circle,,,,,,,,,,,,,Librarian,,Circle,Primaris Company Champion,,Circle,Scout Squad,,,Primaris Librarian,,,,,,,,,,,,,,,,,,Rhino,,,,,,,,,,,,,,,,,,,,,,,,,,,,,,Wyvern,,,,,
Storm Speeder Thunderstrike,,Square,Repulsor,,Square,Sternguard Veterans,,Circle,Sternguard Veterans,,Circle,Storm Speeder Hamerstrike,,Square,Storm Speeder Hailstrike,,Square,Storm Speeder Hailstrike,,Square,,,,,,,,,,,,,Lieutenant,,Circle,Primaris Librarian,,Circle,Servitors,,,Primaris Lieutenant,,,,,,,,,,,,,,,,,,Scout Bikes,,,,,,,,,,,,,,,,,,,,,,,,,,,,,,,,,,,
Stormhawk Interceptor,,,Repulsor Executioner,,Square,Storm Speeder Hailstrike,,Square,Storm Speeder Hailstrike,,Square,Storm Speeder Thunderstrike,,Square,Storm Speeder Hamerstrike,,Square,Storm Speeder Hamerstrike,,Square,,,,,,,,,,,,,Lieutenant w/ combi weapon,,Circle,Primaris Lieutenant,,Circle,Stalker,,,Primaris Techmarine,,,,,,,,,,,,,,,,,,Servitors,,,,,,,,,,,,,,,,,,,,,,,,,,,,,,,,,,,
Stormraven Gunship,,Triangle,Rhino,,Square,Storm Speeder Hamerstrike,,Square,Storm Speeder Hamerstrike,,Square,Stormhawk Interceptor,,Triangle,Storm Speeder Thunderstrike,,Square,Storm Speeder Thunderstrike,,Square,,,,,,,,,,,,,Outrider Squad,,Oval,Primaris Techmarine,,Circle,Sternguard Veterans,,,Razorback,,,,,,,,,,,,,,,,,,Stalker,,,,,,,,,,,,,,,,,,,,,,,,,,,,,,,,,,,
Stormtalon Gunship,,Triangle,Scout Bikes,,Oval,Storm Speeder Thunderstrike,,Square,Storm Speeder Thunderstrike,,Square,Stormraven Gunship,,Triangle,Stormhawk Interceptor,,Triangle,Stormhawk Interceptor,,Triangle,,,,,,,,,,,,,Phobos Captain,,Circle,Razorback,,Square,Storm Speeder Hailstrike,,,Redemptor Dreadnought,,,,,,,,,,,,,,,,,,Sternguard Veterans,,,,,,,,,,,,,,,,,,,,,,,,,,,,,,,,,,,
Suppressors,,Circle,Scout Squad,,Circle,Stormhawk Interceptor,,Triangle,Stormhawk Interceptor,,Triangle,Stormtalon Gunship,,Triangle,Stormraven Gunship,,Triangle,Stormraven Gunship,,Triangle,,,,,,,,,,,,,Phobos Librarian,,Circle,Redemptor Dreadnought,,Circle,Storm Speeder Hamerstrike,,,Reiver Lieutenant,,,,,,,,,,,,,,,,,,Storm Speeder Hailstrike,,,,,,,,,,,,,,,,,,,,,,,,,,,,,,,,,,,
Tactical Squad,,Rectangle,Servitors,,Circle,Stormraven Gunship,,Triangle,Stormraven Gunship,,Triangle,Suppressors,,Circle,Stormtalon Gunship,,Triangle,Stormtalon Gunship,,Triangle,,,,,,,,,,,,,Phobos Lieutenant,,Circle,Reiver Lieutenant,,Circle,Storm Speeder Thunderstrike,,,Reivers,,,,,,,,,,,,,,,,,,Storm Speeder Hamerstrike,,,,,,,,,,,,,,,,,,,,,,,,,,,,,,,,,,,
Techmarine,,Circle,Stalker,,Square,Stormtalon Gunship,,Triangle,Stormtalon Gunship,,Triangle,Tactical Squad,,Rectangle,Suppressors,,Circle,Suppressors,,Circle,,,,,,,,,,,,,Predator Annihilator,,Square,Reivers,,Circle,Stormhawk Interceptor,,,Relic Terminator Squad,,,,,,,,,,,,,,,,,,Storm Speeder Thunderstrike,,,,,,,,,,,,,,,,,,,,,,,,,,,,,,,,,,,
Terminator Ancient,,Circle,Sternguard Veterans,,Circle,Suppressors,,Circle,Suppressors,,Circle,Techmarine,,Circle,Tactical Squad,,Rectangle,Tactical Squad,,Rectangle,,,,,,,,,,,,,Predator Destructor,,Square,Relic Terminator Squad,,Circle,Stormraven Gunship,,,Repulsor,,,,,,,,,,,,,,,,,,Stormhawk Interceptor,,,,,,,,,,,,,,,,,,,,,,,,,,,,,,,,,,,
Terminator Assault Squad,,Circle,Storm Speeder Hailstrike,,Square,Tactical Squad,,Rectangle,Tactical Squad,,Rectangle,Terminator Ancient,,Circle,Techmarine,,Circle,Techmarine,,Circle,,,,,,,,,,,,,Primaris Ancient,,Circle,Repulsor,,Square,Stormtalon Gunship,,,Repulsor Executioner,,,,,,,,,,,,,,,,,,Stormraven Gunship,,,,,,,,,,,,,,,,,,,,,,,,,,,,,,,,,,,
Terminator Captain,,Circle,Storm Speeder Hamerstrike,,Square,Techmarine,,Circle,Techmarine,,Circle,Terminator Assault Squad,,Circle,Terminator Ancient,,Circle,Terminator Ancient,,Circle,,,,,,,,,,,,,Primaris Apothecary,,Circle,Repulsor Executioner,,Square,Suppressors,,,Rhino,,,,,,,,,,,,,,,,,,Stormtalon Gunship,,,,,,,,,,,,,,,,,,,,,,,,,,,,,,,,,,,
Terminator Chaplain,,Circle,Storm Speeder Thunderstrike,,Square,Terminator Ancient,,Circle,Terminator Ancient,,Circle,Terminator Captain,,Circle,Terminator Assault Squad,,Circle,Terminator Assault Squad,,Circle,,,,,,,,,,,,,Primaris Captain,,Circle,Rhino,,Square,Tactical Squad,,,Scout Bikes,,,,,,,,,,,,,,,,,,Suppressors,,,,,,,,,,,,,,,,,,,,,,,,,,,,,,,,,,,
Terminator Librarian,,Circle,Stormhawk Interceptor,,Triangle,Terminator Assault Squad,,Circle,Terminator Assault Squad,,Circle,Terminator Chaplain,,Circle,Terminator Captain,,Circle,Terminator Captain,,Circle,,,,,,,,,,,,,Primaris Chaplain,,Circle,Scout Bikes,,Oval,Techmarine,,,Scout Squad,,,,,,,,,,,,,,,,,,Techmarine,,,,,,,,,,,,,,,,,,,,,,,,,,,,,,,,,,,
Terminator Squad,,Circle,Stormraven Gunship,,Triangle,Terminator Captain,,Circle,Terminator Captain,,Circle,Terminator Librarian,,Circle,Terminator Chaplain,,Circle,Terminator Chaplain,,Circle,,,,,,,,,,,,,Primaris Company Champion,,Circle,Scout Squad,,Circle,Terminator Ancient,,,Servitors,,,,,,,,,,,,,,,,,,Terminator Ancient,,,,,,,,,,,,,,,,,,,,,,,,,,,,,,,,,,,
Thunderfire Cannon,,Circle,Stormtalon Gunship,,Triangle,Terminator Chaplain,,Circle,Terminator Chaplain,,Circle,Terminator Squad,,Circle,Terminator Librarian,,Circle,Terminator Librarian,,Circle,,,,,,,,,,,,,Primaris Librarian,,Circle,Servitors,,Circle,Terminator Assault Squad,,,Stalker,,,,,,,,,,,,,,,,,,Terminator Assault Squad,,,,,,,,,,,,,,,,,,,,,,,,,,,,,,,,,,,
Vanguard Veterans,,Circle,Suppressors,,Circle,Terminator Librarian,,Circle,Terminator Librarian,,Circle,Thunderfire Cannon,,Circle,Terminator Squad,,Circle,Terminator Squad,,Circle,,,,,,,,,,,,,Primaris Lieutenant,,Circle,Stalker,,Square,Terminator Captain,,,Sternguard Veterans,,,,,,,,,,,,,,,,,,Terminator Captain,,,,,,,,,,,,,,,,,,,,,,,,,,,,,,,,,,,
Vindicator,,Square,Tactical Squad,,Rectangle,Terminator Squad,,Circle,Terminator Squad,,Circle,Vanguard Veterans,,Circle,Thunderfire Cannon,,Circle,Thunderfire Cannon,,Circle,,,,,,,,,,,,,Primaris Techmarine,,Circle,Sternguard Veterans,,Circle,Terminator Chaplain,,,Storm Speeder Hailstrike,,,,,,,,,,,,,,,,,,Terminator Chaplain,,,,,,,,,,,,,,,,,,,,,,,,,,,,,,,,,,,
Whirlwind,,Square,Techmarine,,Circle,Thunderfire Cannon,,Circle,Thunderfire Cannon,,Circle,Vindicator,,Square,Vanguard Veterans,,Circle,Vanguard Veterans,,Circle,,,,,,,,,,,,,Razorback,,Square,Storm Speeder Hailstrike,,Square,Terminator Librarian,,,Storm Speeder Hamerstrike,,,,,,,,,,,,,,,,,,Terminator Librarian,,,,,,,,,,,,,,,,,,,,,,,,,,,,,,,,,,,
Vindicare Assassin,,Circle,Terminator Ancient,,Circle,Vanguard Veterans,,Circle,Vanguard Veterans,,Circle,Whirlwind,,Square,Vindicator,,Square,Vindicator,,Square,,,,,,,,,,,,,Redemptor Dreadnought,,Circle,Storm Speeder Hamerstrike,,Square,Terminator Squad,,,Storm Speeder Thunderstrike,,,,,,,,,,,,,,,,,,Terminator Squad,,,,,,,,,,,,,,,,,,,,,,,,,,,,,,,,,,,
Culexus Assassin,,Circle,Terminator Assault Squad,,Circle,Vindicator,,Square,Vindicator,,Square,Vindicare Assassin,,Circle,Whirlwind,,Square,Whirlwind,,Square,,,,,,,,,,,,,Reiver Lieutenant,,Circle,Storm Speeder Thunderstrike,,Square,Thunderfire Cannon,,,Stormhawk Interceptor,,,,,,,,,,,,,,,,,,Thunderfire Cannon,,,,,,,,,,,,,,,,,,,,,,,,,,,,,,,,,,,
Eversor Assassin,,Circle,Terminator Captain,,Circle,Whirlwind,,Square,Whirlwind,,Square,Culexus Assassin,,Circle,Vindicare Assassin,,Circle,Vindicare Assassin,,Circle,,,,,,,,,,,,,Reivers,,Circle,Stormhawk Interceptor,,Triangle,Vanguard Veterans,,,Stormraven Gunship,,,,,,,,,,,,,,,,,,Vanguard Veterans,,,,,,,,,,,,,,,,,,,,,,,,,,,,,,,,,,,
Callidus Assassin,,Circle,Terminator Chaplain,,Circle,Vindicare Assassin,,Circle,Vindicare Assassin,,Circle,Eversor Assassin,,Circle,Culexus Assassin,,Circle,Culexus Assassin,,Circle,,,,,,,,,,,,,Relic Terminator Squad,,Circle,Stormraven Gunship,,Triangle,Vindicator,,,Stormtalon Gunship,,,,,,,,,,,,,,,,,,Vindicator,,,,,,,,,,,,,,,,,,,,,,,,,,,,,,,,,,,
Rogue Trader Squad,,Circle,Terminator Librarian,,Circle,Culexus Assassin,,Circle,Culexus Assassin,,Circle,Callidus Assassin,,Circle,Eversor Assassin,,Circle,Eversor Assassin,,Circle,,,,,,,,,,,,,Repulsor,,Square,Stormtalon Gunship,,Triangle,Whirlwind,,,Suppressors,,,,,,,,,,,,,,,,,,Whirlwind,,,,,,,,,,,,,,,,,,,,,,,,,,,,,,,,,,,
Voidsmen,,Circle,Terminator Squad,,Circle,Eversor Assassin,,Circle,Eversor Assassin,,Circle,Rogue Trader Squad,,Circle,Callidus Assassin,,Circle,Callidus Assassin,,Circle,,,,,,,,,,,,,Repulsor Executioner,,Square,Suppressors,,Circle,Culexus Assassin,,,Tactical Squad,,,,,,,,,,,,,,,,,,,,,,,,,,,,,,,,,,,,,,,,,,,,,,,,,,,,,
Navy Breachers,,Circle,Thunderfire Cannon,,Circle,Callidus Assassin,,Circle,Callidus Assassin,,Circle,Voidsmen,,Circle,Rogue Trader Squad,,Circle,Rogue Trader Squad,,Circle,,,,,,,,,,,,,Rhino,,Square,Tactical Squad,,Rectangle,Eversor Assassin,,,Techmarine,,,,,,,,,,,,,,,,,,,,,,,,,,,,,,,,,,,,,,,,,,,,,,,,,,,,,
Subductor Squad,,Circle,Vanguard Veterans,,Circle,Rogue Trader Squad,,Circle,Rogue Trader Squad,,Circle,Navy Breachers,,Circle,Voidsmen,,Circle,Voidsmen,,Circle,,,,,,,,,,,,,Scout Bikes,,Oval,Techmarine,,Circle,Callidus Assassin,,,Terminator Ancient,,,,,,,,,,,,,,,,,,,,,,,,,,,,,,,,,,,,,,,,,,,,,,,,,,,,,
Exaction Squad,,Circle,Vindicator,,Square,Voidsmen,,Circle,Voidsmen,,Circle,Subductor Squad,,Circle,Navy Breachers,,Circle,Navy Breachers,,Circle,,,,,,,,,,,,,Scout Squad,,Circle,Terminator Ancient,,Circle,Rogue Trader Squad,,,Terminator Assault Squad,,,,,,,,,,,,,,,,,,,,,,,,,,,,,,,,,,,,,,,,,,,,,,,,,,,,,
Vigilant Squad,,Circle,Whirlwind,,Square,Navy Breachers,,Circle,Navy Breachers,,Circle,Exaction Squad,,Circle,Subductor Squad,,Circle,Subductor Squad,,Circle,,,,,,,,,,,,,Servitors,,Circle,Terminator Assault Squad,,Circle,Voidsmen,,,Terminator Captain,,,,,,,,,,,,,,,,,,,,,,,,,,,,,,,,,,,,,,,,,,,,,,,,,,,,,
Kyria Draxus,,Circle,Vindicare Assassin,,Circle,Subductor Squad,,Circle,Subductor Squad,,Circle,Vigilant Squad,,Circle,Exaction Squad,,Circle,Exaction Squad,,Circle,,,,,,,,,,,,,Stalker,,Square,Terminator Captain,,Circle,Navy Breachers,,,Terminator Chaplain,,,,,,,,,,,,,,,,,,,,,,,,,,,,,,,,,,,,,,,,,,,,,,,,,,,,,
Inquisitor Corteaz,,Circle,Culexus Assassin,,Circle,Exaction Squad,,Circle,Exaction Squad,,Circle,Kyria Draxus,,Circle,Vigilant Squad,,Circle,Vigilant Squad,,Circle,,,,,,,,,,,,,Sternguard Veterans,,Circle,Terminator Chaplain,,Circle,Subductor Squad,,,Terminator Librarian,,,,,,,,,,,,,,,,,,,,,,,,,,,,,,,,,,,,,,,,,,,,,,,,,,,,,
Greyfax,,Circle,Eversor Assassin,,Circle,Vigilant Squad,,Circle,Vigilant Squad,,Circle,Inquisitor Corteaz,,Circle,Kyria Draxus,,Circle,Kyria Draxus,,Circle,,,,,,,,,,,,,Storm Speeder Hailstrike,,Square,Terminator Librarian,,Circle,Exaction Squad,,,Terminator Squad,,,,,,,,,,,,,,,,,,,,,,,,,,,,,,,,,,,,,,,,,,,,,,,,,,,,,
Karamazov,,Circle,Callidus Assassin,,Circle,Kyria Draxus,,Circle,Kyria Draxus,,Circle,Greyfax,,Circle,Inquisitor Corteaz,,Circle,Inquisitor Corteaz,,Circle,,,,,,,,,,,,,Storm Speeder Hamerstrike,,Square,Terminator Squad,,Circle,Vigilant Squad,,,Thunderfire Cannon,,,,,,,,,,,,,,,,,,,,,,,,,,,,,,,,,,,,,,,,,,,,,,,,,,,,,
Inquisitor,,Circle,Rogue Trader Squad,,Circle,Inquisitor Corteaz,,Circle,Inquisitor Corteaz,,Circle,Karamazov,,Circle,Greyfax,,Circle,Greyfax,,Circle,,,,,,,,,,,,,Storm Speeder Thunderstrike,,Square,Thunderfire Cannon,,Circle,Kyria Draxus,,,Vanguard Veterans,,,,,,,,,,,,,,,,,,,,,,,,,,,,,,,,,,,,,,,,,,,,,,,,,,,,,
Eisenhorn,,Circle,Voidsmen,,Circle,Greyfax,,Circle,Greyfax,,Circle,Inquisitor,,Circle,Karamazov,,Circle,Karamazov,,Circle,,,,,,,,,,,,,Stormhawk Interceptor,,Triangle,Vanguard Veterans,,Circle,Inquisitor Corteaz,,,Vindicator,,,,,,,,,,,,,,,,,,,,,,,,,,,,,,,,,,,,,,,,,,,,,,,,,,,,,
Henchmen,,Circle,Navy Breachers,,Circle,Karamazov,,Circle,Karamazov,,Circle,Eisenhorn,,Circle,Inquisitor,,Circle,Inquisitor,,Circle,,,,,,,,,,,,,Stormraven Gunship,,Triangle,Vindicator,,Square,Greyfax,,,Whirlwind,,,,,,,,,,,,,,,,,,,,,,,,,,,,,,,,,,,,,,,,,,,,,,,,,,,,,
,,,Subductor Squad,,Circle,Inquisitor,,Circle,Inquisitor,,Circle,Henchmen,,Circle,Eisenhorn,,Circle,Eisenhorn,,Circle,,,,,,,,,,,,,Stormtalon Gunship,,Triangle,Whirlwind,,Square,Karamazov,,,Culexus Assassin,,,,,,,,,,,,,,,,,,,,,,,,,,,,,,,,,,,,,,,,,,,,,,,,,,,,,
,,,Exaction Squad,,Circle,Eisenhorn,,Circle,Eisenhorn,,Circle,,,,Henchmen,,Circle,Henchmen,,Circle,,,,,,,,,,,,,Suppressors,,Circle,Vindicare Assassin,,Circle,Inquisitor,,,Eversor Assassin,,,,,,,,,,,,,,,,,,,,,,,,,,,,,,,,,,,,,,,,,,,,,,,,,,,,,
,,,Vigilant Squad,,Circle,Henchmen,,Circle,Henchmen,,Circle,,,,,,,,,,,,,,,,,,,,,,Tactical Squad,,Rectangle,Culexus Assassin,,Circle,Eisenhorn,,,Callidus Assassin,,,,,,,,,,,,,,,,,,,,,,,,,,,,,,,,,,,,,,,,,,,,,,,,,,,,,
,,,Kyria Draxus,,Circle,,,,,,,,,,,,,,,,,,,,,,,,,,,,Techmarine,,Circle,Eversor Assassin,,Circle,Henchmen,,,Rogue Trader Squad,,,,,,,,,,,,,,,,,,,,,,,,,,,,,,,,,,,,,,,,,,,,,,,,,,,,,
,,,Inquisitor Corteaz,,Circle,,,,,,,,,,,,,,,,,,,,,,,,,,,,Terminator Ancient,,Circle,Callidus Assassin,,Circle,,,,Voidsmen,,,,,,,,,,,,,,,,,,,,,,,,,,,,,,,,,,,,,,,,,,,,,,,,,,,,,
,,,Greyfax,,Circle,,,,,,,,,,,,,,,,,,,,,,,,,,,,Terminator Assault Squad,,Circle,Rogue Trader Squad,,Circle,,,,Navy Breachers,,,,,,,,,,,,,,,,,,,,,,,,,,,,,,,,,,,,,,,,,,,,,,,,,,,,,
,,,Karamazov,,Circle,,,,,,,,,,,,,,,,,,,,,,,,,,,,Terminator Captain,,Circle,Voidsmen,,Circle,,,,Subductor Squad,,,,,,,,,,,,,,,,,,,,,,,,,,,,,,,,,,,,,,,,,,,,,,,,,,,,,
,,,Inquisitor,,Circle,,,,,,,,,,,,,,,,,,,,,,,,,,,,Terminator Chaplain,,Circle,Navy Breachers,,Circle,,,,Exaction Squad,,,,,,,,,,,,,,,,,,,,,,,,,,,,,,,,,,,,,,,,,,,,,,,,,,,,,
,,,Eisenhorn,,Circle,,,,,,,,,,,,,,,,,,,,,,,,,,,,Terminator Librarian,,Circle,Subductor Squad,,Circle,,,,Vigilant Squad,,,,,,,,,,,,,,,,,,,,,,,,,,,,,,,,,,,,,,,,,,,,,,,,,,,,,
,,,Henchmen,,Circle,,,,,,,,,,,,,,,,,,,,,,,,,,,,Terminator Squad,,Circle,Exaction Squad,,Circle,,,,Kyria Draxus,,,,,,,,,,,,,,,,,,,,,,,,,,,,,,,,,,,,,,,,,,,,,,,,,,,,,
,,,,,,,,,,,,,,,,,,,,,,,,,,,,,,,,,Thunderfire Cannon,,Circle,Vigilant Squad,,Circle,,,,Inquisitor Corteaz,,,,,,,,,,,,,,,,,,,,,,,,,,,,,,,,,,,,,,,,,,,,,,,,,,,,,
,,,,,,,,,,,,,,,,,,,,,,,,,,,,,,,,,Vanguard Veterans,,Circle,Kyria Draxus,,Circle,,,,Greyfax,,,,,,,,,,,,,,,,,,,,,,,,,,,,,,,,,,,,,,,,,,,,,,,,,,,,,
,,,,,,,,,,,,,,,,,,,,,,,,,,,,,,,,,Vindicator,,Square,Inquisitor Corteaz,,Circle,,,,Karamazov,,,,,,,,,,,,,,,,,,,,,,,,,,,,,,,,,,,,,,,,,,,,,,,,,,,,,
,,,,,,,,,,,,,,,,,,,,,,,,,,,,,,,,,Whirlwind,,Square,Greyfax,,Circle,,,,Inquisitor,,,,,,,,,,,,,,,,,,,,,,,,,,,,,,,,,,,,,,,,,,,,,,,,,,,,,
,,,,,,,,,,,,,,,,,,,,,,,,,,,,,,,,,Vindicare Assassin,,Circle,Karamazov,,Circle,,,,Eisenhorn,,,,,,,,,,,,,,,,,,,,,,,,,,,,,,,,,,,,,,,,,,,,,,,,,,,,,
,,,,,,,,,,,,,,,,,,,,,,,,,,,,,,,,,Culexus Assassin,,Circle,Inquisitor,,Circle,,,,Henchmen,,,,,,,,,,,,,,,,,,,,,,,,,,,,,,,,,,,,,,,,,,,,,,,,,,,,,
,,,,,,,,,,,,,,,,,,,,,,,,,,,,,,,,,Eversor Assassin,,Circle,Eisenhorn,,Circle,,,,,,,,,,,,,,,,,,,,,,,,,,,,,,,,,,,,,,,,,,,,,,,,,,,,,,,,,
,,,,,,,,,,,,,,,,,,,,,,,,,,,,,,,,,Callidus Assassin,,Circle,Henchmen,,Circle,,,,,,,,,,,,,,,,,,,,,,,,,,,,,,,,,,,,,,,,,,,,,,,,,,,,,,,,,
,,,,,,,,,,,,,,,,,,,,,,,,,,,,,,,,,Rogue Trader Squad,,Circle,,,,,,,,,,,,,,,,,,,,,,,,,,,,,,,,,,,,,,,,,,,,,,,,,,,,,,,,,,,,
,,,,,,,,,,,,,,,,,,,,,,,,,,,,,,,,,Voidsmen,,Circle,,,,,,,,,,,,,,,,,,,,,,,,,,,,,,,,,,,,,,,,,,,,,,,,,,,,,,,,,,,,
,,,,,,,,,,,,,,,,,,,,,,,,,,,,,,,,,Navy Breachers,,Circle,,,,,,,,,,,,,,,,,,,,,,,,,,,,,,,,,,,,,,,,,,,,,,,,,,,,,,,,,,,,
,,,,,,,,,,,,,,,,,,,,,,,,,,,,,,,,,Subductor Squad,,Circle,,,,,,,,,,,,,,,,,,,,,,,,,,,,,,,,,,,,,,,,,,,,,,,,,,,,,,,,,,,,
,,,,,,,,,,,,,,,,,,,,,,,,,,,,,,,,,Exaction Squad,,Circle,,,,,,,,,,,,,,,,,,,,,,,,,,,,,,,,,,,,,,,,,,,,,,,,,,,,,,,,,,,,
,,,,,,,,,,,,,,,,,,,,,,,,,,,,,,,,,Vigilant Squad,,Circle,,,,,,,,,,,,,,,,,,,,,,,,,,,,,,,,,,,,,,,,,,,,,,,,,,,,,,,,,,,,
,,,,,,,,,,,,,,,,,,,,,,,,,,,,,,,,,Kyria Draxus,,Circle,,,,,,,,,,,,,,,,,,,,,,,,,,,,,,,,,,,,,,,,,,,,,,,,,,,,,,,,,,,,
,,,,,,,,,,,,,,,,,,,,,,,,,,,,,,,,,Inquisitor Corteaz,,Circle,,,,,,,,,,,,,,,,,,,,,,,,,,,,,,,,,,,,,,,,,,,,,,,,,,,,,,,,,,,,
,,,,,,,,,,,,,,,,,,,,,,,,,,,,,,,,,Greyfax,,Circle,,,,,,,,,,,,,,,,,,,,,,,,,,,,,,,,,,,,,,,,,,,,,,,,,,,,,,,,,,,,
,,,,,,,,,,,,,,,,,,,,,,,,,,,,,,,,,Karamazov,,Circle,,,,,,,,,,,,,,,,,,,,,,,,,,,,,,,,,,,,,,,,,,,,,,,,,,,,,,,,,,,,
,,,,,,,,,,,,,,,,,,,,,,,,,,,,,,,,,Inquisitor,,Circle,,,,,,,,,,,,,,,,,,,,,,,,,,,,,,,,,,,,,,,,,,,,,,,,,,,,,,,,,,,,
,,,,,,,,,,,,,,,,,,,,,,,,,,,,,,,,,Eisenhorn,,Circle,,,,,,,,,,,,,,,,,,,,,,,,,,,,,,,,,,,,,,,,,,,,,,,,,,,,,,,,,,,,
,,,,,,,,,,,,,,,,,,,,,,,,,,,,,,,,,Henchmen,,Circle,,,,,,,,,,,,,,,,,,,,,,,,,,,,,,,,,,,,,,,,,,,,,,,,,,,,,,,,,,,,
